{
  "score": 1329484.1627837962,
  "elapsed_seconds": 0.5759827920000049,
  "total_cells": 765760,
  "checksum": 926619706
}
